Tweet_count,Username,Profile URL,Display Name,User Location,Date Created,Followers,Following,No of Media Posted,No of Tweets Posted,Text,Created At,Retweets,Likes,Tweets Language,Tweet view count,Blue Verified,Verified,Quote count,Reply count,Place tweet was created,Hashtags,Sensitive,View Count,Retweet Count,Verified,Can receive DM,No of media posted,Total count of tweet,Media,Full tweet
1,Intermittent,,fluc_tuate,Nigeria,Tue Jul 28 09:47:07 +0000 2020,1174,1018,7,9958,"@officialnyscng Is very poorly managed. 
1. I don't see my call up number when others saw theirs. They said I will go with stream 2. 
2. I checked twice still on the 16th and on the 20th. I still didn't see call up number. Same stream 2 gist.
3. Now I see that I've been posted. https://t.co/DJPO920x2I",Wed Apr 23 10:41:49 +0000 2025,0,0,en,36,False,False,0,1,,[],False,36,0,False,True,7,9958,"[{'display_url': 'pic.x.com/DJPO920x2I', 'expanded_url': 'https://x.com/fluc_tuate/status/1914993105587036373/photo/1', 'id_str': '1914993102583906304', 'indices': [279, 302], 'media_key': '3_1914993102583906304', 'media_url_https': 'https://pbs.twimg.com/media/GpNsFKrWQAAjQ8C.jpg', 'type': 'photo', 'url': 'https://t.co/DJPO920x2I', 'ext_media_availability': {'status': 'Available'}, 'features': {'large': {'faces': []}, 'medium': {'faces': []}, 'small': {'faces': []}, 'orig': {'faces': []}}, 'sizes': {'large': {'h': 354, 'w': 720, 'resize': 'fit'}, 'medium': {'h': 354, 'w': 720, 'resize': 'fit'}, 'small': {'h': 334, 'w': 680, 'resize': 'fit'}, 'thumb': {'h': 150, 'w': 150, 'resize': 'crop'}}, 'original_info': {'height': 354, 'width': 720, 'focus_rects': [{'x': 62, 'y': 0, 'w': 632, 'h': 354}, {'x': 201, 'y': 0, 'w': 354, 'h': 354}, {'x': 223, 'y': 0, 'w': 311, 'h': 354}, {'x': 290, 'y': 0, 'w': 177, 'h': 354}, {'x': 0, 'y': 0, 'w': 720, 'h': 354}]}, 'media_results': {'result': {'media_key': '3_1914993102583906304'}}}]","@officialnyscng Is very poorly managed. 
1. I don't see my call up number when others saw theirs. They said I will go with stream 2. 
2. I checked twice still on the 16th and on the 20th. I still didn't see call up number. Same stream 2 gist.
3. Now I see that I've been posted. https://t.co/DJPO920x2I"
2,Jamal Hostetler,https://t.co/ZbX8Cfjwy0,Hoste5450,,Sat Mar 15 16:46:06 +0000 2025,2,28,2,32,@officialnyscng @nigeriantribune @PoliceNG @inecnigeria @nysc_anambra @OyoCorper @nidcom_gov @TheNationNews @FMINONigeria @NafdacAgency @NYSC_kwarastate Lagos Corpers are yet to receive April Allawee oo,Mon May 05 10:34:22 +0000 2025,0,3,en,428,False,False,0,2,,[],,428,0,False,False,2,32,,@officialnyscng @nigeriantribune @PoliceNG @inecnigeria @nysc_anambra @OyoCorper @nidcom_gov @TheNationNews @FMINONigeria @NafdacAgency @NYSC_kwarastate Lagos Corpers are yet to receive April Allawee oo
3,Lukman,https://t.co/1H8d5UtoEt,prince_tiwaa,Your House,Fri Sep 20 06:16:54 +0000 2019,1340,1370,108,9481,@officialnyscng do your worst üëçüèΩ https://t.co/ILV2GeURVv,Tue Apr 08 16:47:23 +0000 2025,0,0,en,7,False,False,0,0,,[],False,7,0,False,False,108,9481,"[{'display_url': 'pic.x.com/ILV2GeURVv', 'expanded_url': 'https://x.com/prince_tiwaa/status/1909649281855741968/photo/1', 'id_str': '1909649274998026240', 'indices': [33, 56], 'media_key': '3_1909649274998026240', 'media_url_https': 'https://pbs.twimg.com/media/GoBv5dnW8AAL1Ca.jpg', 'type': 'photo', 'url': 'https://t.co/ILV2GeURVv', 'ext_media_availability': {'status': 'Available'}, 'features': {'large': {'faces': []}, 'medium': {'faces': []}, 'small': {'faces': []}, 'orig': {'faces': []}}, 'sizes': {'large': {'h': 1280, 'w': 712, 'resize': 'fit'}, 'medium': {'h': 1200, 'w': 668, 'resize': 'fit'}, 'small': {'h': 680, 'w': 378, 'resize': 'fit'}, 'thumb': {'h': 150, 'w': 150, 'resize': 'crop'}}, 'original_info': {'height': 1280, 'width': 712, 'focus_rects': [{'x': 0, 'y': 0, 'w': 712, 'h': 399}, {'x': 0, 'y': 0, 'w': 712, 'h': 712}, {'x': 0, 'y': 0, 'w': 712, 'h': 812}, {'x': 72, 'y': 0, 'w': 640, 'h': 1280}, {'x': 0, 'y': 0, 'w': 712, 'h': 1280}]}, 'media_results': {'result': {'media_key': '3_1909649274998026240'}}}]",@officialnyscng do your worst üëçüèΩ https://t.co/ILV2GeURVv
4,üëë KY–üG M”®–ØGŒõ–üŒõ üó° TARGARYEN,,kevynmorgan,Darkhold,Sat Aug 20 17:42:09 +0000 2011,1027,885,529,9562,@officialnyscng good luck mailing NYSC for help lmao https://t.co/u4yXlIr8a4,Wed Apr 09 12:36:31 +0000 2025,0,0,en,267,False,False,0,0,,[],False,267,0,False,True,529,9562,"[{'display_url': 'pic.x.com/u4yXlIr8a4', 'expanded_url': 'https://x.com/kevynmorgan/status/1909948539586695447/photo/1', 'id_str': '1909948530958929920', 'indices': [53, 76], 'media_key': '3_1909948530958929920', 'media_url_https': 'https://pbs.twimg.com/media/GoGAEc8WEAAeapI.jpg', 'type': 'photo', 'url': 'https://t.co/u4yXlIr8a4', 'ext_media_availability': {'status': 'Available'}, 'features': {'large': {'faces': [{'x': 166, 'y': 7, 'h': 76, 'w': 76}]}, 'medium': {'faces': [{'x': 166, 'y': 7, 'h': 76, 'w': 76}]}, 'small': {'faces': [{'x': 99, 'y': 4, 'h': 45, 'w': 45}]}, 'orig': {'faces': [{'x': 166, 'y': 7, 'h': 76, 'w': 76}]}}, 'sizes': {'large': {'h': 1138, 'w': 1080, 'resize': 'fit'}, 'medium': {'h': 1138, 'w': 1080, 'resize': 'fit'}, 'small': {'h': 680, 'w': 645, 'resize': 'fit'}, 'thumb': {'h': 150, 'w': 150, 'resize': 'crop'}}, 'original_info': {'height': 1138, 'width': 1080, 'focus_rects': [{'x': 0, 'y': 124, 'w': 1080, 'h': 605}, {'x': 0, 'y': 0, 'w': 1080, 'h': 1080}, {'x': 0, 'y': 0, 'w': 998, 'h': 1138}, {'x': 199, 'y': 0, 'w': 569, 'h': 1138}, {'x': 0, 'y': 0, 'w': 1080, 'h': 1138}]}, 'media_results': {'result': {'media_key': '3_1909948530958929920'}}}]",@officialnyscng good luck mailing NYSC for help lmao https://t.co/u4yXlIr8a4
5,Kingly üëë,,AkparawaKingsly,Nigeria,Fri Sep 27 19:53:46 +0000 2013,464,425,481,16758,@officialnyscng Please all PCMs should ensure their names and date of birth on their NIN and BVN are the same o. If not 77k no go enter that account o,Tue Apr 15 19:38:05 +0000 2025,0,2,en,2481,False,False,0,5,,[],,2481,0,False,True,481,16758,,@officialnyscng Please all PCMs should ensure their names and date of birth on their NIN and BVN are the same o. If not 77k no go enter that account o
6,Young_Dy,,Dy_AFCGooner,,Sat May 29 16:39:15 +0000 2021,1256,826,307,7470,"@officialnyscng What's going on ? Can't use my biometric app, it's saying Authentication failed. https://t.co/CLtJUSu92L",Mon Apr 07 09:15:49 +0000 2025,0,1,en,47,False,False,0,1,,[],False,47,0,False,True,307,7470,"[{'display_url': 'pic.x.com/CLtJUSu92L', 'expanded_url': 'https://x.com/ANDREWDESTINY16/status/1909173255090380847/photo/1', 'id_str': '1909173236006277120', 'indices': [97, 120], 'media_key': '3_1909173236006277120', 'media_url_https': 'https://pbs.twimg.com/media/Gn6-8WLWUAAfXAt.jpg', 'type': 'photo', 'url': 'https://t.co/CLtJUSu92L', 'ext_media_availability': {'status': 'Available'}, 'features': {'large': {'faces': []}, 'medium': {'faces': []}, 'small': {'faces': []}, 'orig': {'faces': []}}, 'sizes': {'large': {'h': 1152, 'w': 2048, 'resize': 'fit'}, 'medium': {'h': 675, 'w': 1200, 'resize': 'fit'}, 'small': {'h': 383, 'w': 680, 'resize': 'fit'}, 'thumb': {'h': 150, 'w': 150, 'resize': 'crop'}}, 'original_info': {'height': 1152, 'width': 2048, 'focus_rects': [{'x': 0, 'y': 0, 'w': 2048, 'h': 1147}, {'x': 192, 'y': 0, 'w': 1152, 'h': 1152}, {'x': 263, 'y': 0, 'w': 1011, 'h': 1152}, {'x': 480, 'y': 0, 'w': 576, 'h': 1152}, {'x': 0, 'y': 0, 'w': 2048, 'h': 1152}]}, 'media_results': {'result': {'media_key': '3_1909173236006277120'}}}]","@officialnyscng What's going on ? Can't use my biometric app, it's saying Authentication failed. https://t.co/CLtJUSu92L"
7,RASTANJANü•ÇüëÅÔ∏èüëÅÔ∏èüêê,https://t.co/6Eiiy8CuWv,SRastanjan,Nasarawa state ,Mon May 24 07:27:39 +0000 2021,92,1139,30,2592,"@officialnyscng we really appreciate the 77k,we told u after the 77k payment we will talk about our arrears....@FinMinNigeria pay us our arrears abeg......@nysc360 @nysc_ng hunger wan kill us....ü§ïü§ïü§ï",Fri Mar 28 22:31:32 +0000 2025,1,4,en,1143,False,False,0,0,,[],,1143,1,False,True,30,2592,,"@officialnyscng we really appreciate the 77k,we told u after the 77k payment we will talk about our arrears....@FinMinNigeria pay us our arrears abeg......@nysc360 @nysc_ng hunger wan kill us....ü§ïü§ïü§ï"
8,Introvert General,,GYBABA,Land of D'Naira,Sun May 10 15:00:01 +0000 2020,606,741,399,7440,@officialnyscng Pay the f√ºƒáking arrears! üò§,Sat Apr 19 11:58:40 +0000 2025,0,3,tl,561,False,False,0,0,,[],,561,0,False,True,399,7440,,@officialnyscng Pay the f√ºƒáking arrears! üò§
9,Young_Dy,,Dy_AFCGooner,,Sat May 29 16:39:15 +0000 2021,1256,826,307,7470,"@officialnyscng @TheNationNews @MobilePunch @FMINONigeria @channelstv @OyoCorper @UNICEF_Nigeria @nidcom_gov @inecnigeria @NafdacAgency @OfficialNUC Abeg I need help o @officialnyscng 
My Biometric App isn't working
Help me out abeg https://t.co/WiQCoDDxWV",Mon Apr 07 09:27:44 +0000 2025,0,1,en,920,False,False,0,2,,[],False,920,0,False,True,307,7470,"[{'display_url': 'pic.x.com/WiQCoDDxWV', 'expanded_url': 'https://x.com/ANDREWDESTINY16/status/1909176255867388142/photo/1', 'id_str': '1909176233348190208', 'indices': [233, 256], 'media_key': '3_1909176233348190208', 'media_url_https': 'https://pbs.twimg.com/media/Gn7Bq0JWUAAsrDO.jpg', 'type': 'photo', 'url': 'https://t.co/WiQCoDDxWV', 'ext_media_availability': {'status': 'Available'}, 'features': {'large': {'faces': []}, 'medium': {'faces': []}, 'small': {'faces': []}, 'orig': {'faces': []}}, 'sizes': {'large': {'h': 1152, 'w': 2048, 'resize': 'fit'}, 'medium': {'h': 675, 'w': 1200, 'resize': 'fit'}, 'small': {'h': 383, 'w': 680, 'resize': 'fit'}, 'thumb': {'h': 150, 'w': 150, 'resize': 'crop'}}, 'original_info': {'height': 1152, 'width': 2048, 'focus_rects': [{'x': 0, 'y': 0, 'w': 2048, 'h': 1147}, {'x': 192, 'y': 0, 'w': 1152, 'h': 1152}, {'x': 263, 'y': 0, 'w': 1011, 'h': 1152}, {'x': 480, 'y': 0, 'w': 576, 'h': 1152}, {'x': 0, 'y': 0, 'w': 2048, 'h': 1152}]}, 'media_results': {'result': {'media_key': '3_1909176233348190208'}}}]","@officialnyscng @TheNationNews @MobilePunch @FMINONigeria @channelstv @OyoCorper @UNICEF_Nigeria @nidcom_gov @inecnigeria @NafdacAgency @OfficialNUC Abeg I need help o @officialnyscng 
My Biometric App isn't working
Help me out abeg https://t.co/WiQCoDDxWV"
10,Mimiwhite,,mimiwhite002,,Mon Feb 27 07:28:35 +0000 2023,18,351,6,143,"@officialnyscng Leave dis story, Pay us our allowee.",Sun May 04 16:31:46 +0000 2025,0,0,en,288,False,False,0,0,,[],,288,0,False,True,6,143,,"@officialnyscng Leave dis story, Pay us our allowee."
11,kiki,https://t.co/sQUGrrm6pR,ObadareKiki,,Mon Feb 21 13:37:23 +0000 2022,2667,2368,2330,23984,@officialnyscng thank you oh https://t.co/tR69NzxBx5,Tue Apr 08 16:16:18 +0000 2025,0,0,en,6,False,False,0,0,,[],False,6,0,False,True,2330,23984,"[{'display_url': 'pic.x.com/tR69NzxBx5', 'expanded_url': 'https://x.com/ObadareKiki/status/1909641460971925900/photo/1', 'id_str': '1909641454374277120', 'indices': [29, 52], 'media_key': '3_1909641454374277120', 'media_url_https': 'https://pbs.twimg.com/media/GoBoyPhW0AA5BsQ.jpg', 'type': 'photo', 'url': 'https://t.co/tR69NzxBx5', 'ext_media_availability': {'status': 'Available'}, 'features': {'large': {'faces': []}, 'medium': {'faces': []}, 'small': {'faces': []}, 'orig': {'faces': []}}, 'sizes': {'large': {'h': 608, 'w': 498, 'resize': 'fit'}, 'medium': {'h': 608, 'w': 498, 'resize': 'fit'}, 'small': {'h': 608, 'w': 498, 'resize': 'fit'}, 'thumb': {'h': 150, 'w': 150, 'resize': 'crop'}}, 'original_info': {'height': 608, 'width': 498, 'focus_rects': [{'x': 0, 'y': 28, 'w': 498, 'h': 279}, {'x': 0, 'y': 0, 'w': 498, 'h': 498}, {'x': 0, 'y': 0, 'w': 498, 'h': 568}, {'x': 0, 'y': 0, 'w': 304, 'h': 608}, {'x': 0, 'y': 0, 'w': 498, 'h': 608}]}, 'allow_download_status': {'allow_download': True}, 'media_results': {'result': {'media_key': '3_1909641454374277120'}}}]",@officialnyscng thank you oh https://t.co/tR69NzxBx5
12,L‚ÑπÔ∏èzzler‚ö°Ô∏è,,boi_lizz,Nigeria,Fri Nov 30 17:02:31 +0000 2018,575,490,72,899,"@officialnyscng hello, please I misplaced my nysc certificate, how do I go
About getting another one or a letter of attestation. I have an employment pending because of this please help a brother.",Mon Apr 21 05:33:42 +0000 2025,0,0,en,108,False,False,0,1,,[],,108,0,False,True,72,899,,"@officialnyscng hello, please I misplaced my nysc certificate, how do I go
About getting another one or a letter of attestation. I have an employment pending because of this please help a brother."
13,Fidelity eden,,EdenFidelity,"Bayelsa, Nigeria",Wed Jan 22 17:38:24 +0000 2020,46,107,192,1892,@officialnyscng May God bless their matrimony,Sun May 04 07:29:59 +0000 2025,0,0,en,595,False,False,0,0,,[],,595,0,False,True,192,1892,,@officialnyscng May God bless their matrimony
14,miracle ronke,,MiracleRon52682,"Ilorin, Nigeria",Tue Jun 20 20:24:26 +0000 2023,7,136,3,99,"@officialnyscng I registered since on Tuesday
Till now no call up number
Nigeria is very disappointing ooo",Tue Apr 15 19:38:29 +0000 2025,0,4,en,3063,False,False,0,6,,[],,3063,0,False,False,3,99,,"@officialnyscng I registered since on Tuesday
Till now no call up number
Nigeria is very disappointing ooo"
15,Dan Atim,,OfficialDanAtim,Niger Delta ,Thu Mar 31 19:45:41 +0000 2022,1900,2364,438,16823,@officialnyscng @nysc360 @NGRPresident,Tue Apr 08 17:13:31 +0000 2025,1,1,qam,17,False,False,0,0,,[],,17,1,False,False,438,16823,,@officialnyscng @nysc360 @NGRPresident
16,NE~DU,,KehmeeM,Abuja,Sun Mar 31 05:27:48 +0000 2019,215,466,77,6451,@officialnyscng @nigeriantribune @PoliceNG @inecnigeria @nysc_anambra @OyoCorper @nidcom_gov @TheNationNews @FMINONigeria @NafdacAgency @NYSC_kwarastate I never receive April allowee o,Mon May 05 06:09:08 +0000 2025,0,6,en,314,False,False,0,0,,[],,314,0,False,False,77,6451,,@officialnyscng @nigeriantribune @PoliceNG @inecnigeria @nysc_anambra @OyoCorper @nidcom_gov @TheNationNews @FMINONigeria @NafdacAgency @NYSC_kwarastate I never receive April allowee o
17,AYANGADE VICTOR OWEN,,AyangadeV,,Mon Jun 12 03:25:00 +0000 2023,18,264,1,246,@officialnyscng Congratulations üéä,Sun May 04 12:27:39 +0000 2025,0,0,en,327,False,False,0,0,,[],,327,0,False,False,1,246,,@officialnyscng Congratulations üéä
18,Precious Uwakwemdike,,uwakwemdike,"Lagos, Nigeria",Mon Aug 15 08:45:24 +0000 2022,2,62,0,158,@officialnyscng üòê,Mon May 05 06:59:13 +0000 2025,0,0,qme,69,False,False,0,0,,[],,69,0,False,False,0,158,,@officialnyscng üòê
19,‚òÉÔ∏è‚òÉÔ∏è,,princessmulan00,,Wed Aug 26 05:01:47 +0000 2015,228,198,39,4040,"@officialnyscng you people will not see this one now, if it‚Äôs criticism against the government you will arise! 
Look at the animals in the comment section we share a country with ü§¢",Fri Apr 25 07:35:57 +0000 2025,1,3,en,168,False,False,0,1,,[],,168,1,False,False,39,4040,,"@officialnyscng you people will not see this one now, if it‚Äôs criticism against the government you will arise! 
Look at the animals in the comment section we share a country with ü§¢"
20,||F.O.C||üéìUPDATE,,foc_embrace001,,Fri Mar 22 11:14:08 +0000 2024,1660,63,193,1018,"@officialnyscng What is going on???

YOU ARE IN STREAM 2

ERROR OR CONFIRMED https://t.co/MrhQXEbYAc",Tue Apr 08 14:47:04 +0000 2025,4,15,en,4447,False,False,0,4,,[],False,4447,4,False,False,193,1018,"[{'display_url': 'pic.x.com/MrhQXEbYAc', 'expanded_url': 'https://x.com/foc_embrace001/status/1909619004534055208/photo/1', 'id_str': '1909618995147198464', 'indices': [77, 100], 'media_key': '3_1909618995147198464', 'media_url_https': 'https://pbs.twimg.com/media/GoBUW8YWUAAZCGY.jpg', 'type': 'photo', 'url': 'https://t.co/MrhQXEbYAc', 'ext_media_availability': {'status': 'Available'}, 'features': {'large': {'faces': []}, 'medium': {'faces': []}, 'small': {'faces': []}, 'orig': {'faces': []}}, 'sizes': {'large': {'h': 2048, 'w': 947, 'resize': 'fit'}, 'medium': {'h': 1200, 'w': 555, 'resize': 'fit'}, 'small': {'h': 680, 'w': 314, 'resize': 'fit'}, 'thumb': {'h': 150, 'w': 150, 'resize': 'crop'}}, 'original_info': {'height': 2048, 'width': 947, 'focus_rects': [{'x': 0, 'y': 298, 'w': 947, 'h': 530}, {'x': 0, 'y': 90, 'w': 947, 'h': 947}, {'x': 0, 'y': 23, 'w': 947, 'h': 1080}, {'x': 0, 'y': 0, 'w': 947, 'h': 1894}, {'x': 0, 'y': 0, 'w': 947, 'h': 2048}]}, 'media_results': {'result': {'media_key': '3_1909618995147198464'}}}]","@officialnyscng What is going on???

YOU ARE IN STREAM 2

ERROR OR CONFIRMED https://t.co/MrhQXEbYAc"
21,Designer Boyüë©üèø‚Äçü¶≤,https://t.co/xFxwEJnARc,ayotomcs,√ír√≠ √ík√®,Tue Dec 22 21:46:38 +0000 2020,450,515,352,3378,@officialnyscng  does your system know I received the first mail? And the second one too? https://t.co/AfavkTrPNV,Wed Apr 09 13:17:00 +0000 2025,0,0,en,13,False,False,0,0,,[],False,13,0,False,True,352,3378,"[{'display_url': 'pic.x.com/AfavkTrPNV', 'expanded_url': 'https://x.com/ayotomcs/status/1909958727236469020/photo/1', 'id_str': '1909958713508581376', 'indices': [90, 113], 'media_key': '3_1909958713508581376', 'media_url_https': 'https://pbs.twimg.com/media/GoGJVJ5XUAAfFpx.jpg', 'type': 'photo', 'url': 'https://t.co/AfavkTrPNV', 'ext_media_availability': {'status': 'Available'}, 'features': {'large': {'faces': [{'x': 10, 'y': 289, 'h': 76, 'w': 76}]}, 'medium': {'faces': [{'x': 10, 'y': 289, 'h': 76, 'w': 76}]}, 'small': {'faces': [{'x': 6, 'y': 191, 'h': 50, 'w': 50}]}, 'orig': {'faces': [{'x': 10, 'y': 289, 'h': 76, 'w': 76}]}}, 'sizes': {'large': {'h': 1024, 'w': 472, 'resize': 'fit'}, 'medium': {'h': 1024, 'w': 472, 'resize': 'fit'}, 'small': {'h': 680, 'w': 313, 'resize': 'fit'}, 'thumb': {'h': 150, 'w': 150, 'resize': 'crop'}}, 'original_info': {'height': 1024, 'width': 472, 'focus_rects': [{'x': 0, 'y': 352, 'w': 472, 'h': 264}, {'x': 0, 'y': 248, 'w': 472, 'h': 472}, {'x': 0, 'y': 215, 'w': 472, 'h': 538}, {'x': 0, 'y': 12, 'w': 472, 'h': 944}, {'x': 0, 'y': 0, 'w': 472, 'h': 1024}]}, 'media_results': {'result': {'media_key': '3_1909958713508581376'}}}]",@officialnyscng  does your system know I received the first mail? And the second one too? https://t.co/AfavkTrPNV
22,SeaLord üêï,,KenrenJohn,üåé ,Sat May 30 06:25:53 +0000 2015,672,666,64,2424,@officialnyscng @NGRPresident do the needful now.,Tue Apr 08 21:53:44 +0000 2025,1,1,en,23,False,False,0,0,,[],,23,1,False,True,64,2424,,@officialnyscng @NGRPresident do the needful now.
23,Thomas Hope üáßüá™,,biq_stainless,"Taraba, Nigeria",Sun Sep 03 16:39:07 +0000 2023,221,451,111,2853,@officialnyscng Congratulations üéä,Mon May 05 09:38:38 +0000 2025,0,0,en,29,False,False,0,0,,[],,29,0,False,True,111,2853,,@officialnyscng Congratulations üéä
24,Alabi Tioluwani Stephen.,,Special_One02,Nigeria,Fri Aug 04 14:10:45 +0000 2017,1555,1438,2928,102487,@officialnyscng Happy married life.,Sun May 04 11:38:43 +0000 2025,0,0,en,276,False,False,0,0,,[],,276,0,False,False,2928,102487,,@officialnyscng Happy married life.
25,The Samurai,,Nwachukwu_Josh,"Kaduna, Nigeria ",Fri Apr 08 14:18:53 +0000 2022,80,539,47,3051,@officialnyscng 500k‚úÖ,Sun May 04 07:45:53 +0000 2025,0,0,und,533,False,False,0,0,,[],,533,0,False,True,47,3051,,@officialnyscng 500k‚úÖ
26,SONOFGOD,,wlfheim,,Fri Aug 23 19:03:40 +0000 2019,74,246,257,3669,"@officialnyscng 
Where is my money oh",Fri May 02 15:35:14 +0000 2025,0,0,en,2,False,False,0,0,,[],,2,0,False,False,257,3669,,"@officialnyscng 
Where is my money oh"
27,Nkem Favourüíã,,J55Golden,"Lagos, Nigeria",Wed Nov 23 03:32:04 +0000 2022,55,429,72,5364,@officialnyscng Congratulations,Sun May 04 19:21:54 +0000 2025,0,0,en,146,False,False,0,0,"<Place id=""00817d75276a95cf"" name=""Lagos"">",[],,146,0,False,False,72,5364,,@officialnyscng Congratulations
28,Hafiz Muhktar,,HafizMuhktar,kaduna,Sun Jan 03 09:14:05 +0000 2016,668,1079,41,1319,@officialnyscng Please about arrears that you promised us sir.,Sat Apr 19 11:39:29 +0000 2025,0,3,en,932,False,False,0,1,,[],,932,0,False,False,41,1319,,@officialnyscng Please about arrears that you promised us sir.
29,_abisolarü´ßüéÄ,,ajmoneyyy,Starboy island,Fri May 12 01:10:25 +0000 2017,4085,923,260,66124,"@officialnyscng  @jidesanwoolu  @RLasustech it‚Äôs really not fair that we won‚Äôt get to  go for NYSC after spending 6 good years in school,we all switched from part time to full time because we wanted to go for service why are be being deprived now üò≠we need to be reconsidered üôÅ",Tue Apr 08 09:31:52 +0000 2025,16,21,en,1845,False,False,1,7,,[],,1845,16,False,True,260,66124,,"@officialnyscng  @jidesanwoolu  @RLasustech it‚Äôs really not fair that we won‚Äôt get to  go for NYSC after spending 6 good years in school,we all switched from part time to full time because we wanted to go for service why are be being deprived now üò≠we need to be reconsidered üôÅ"
30,Simon igba(Dev),,IgbaSimon1,"Lagos, Nigeria",Tue Aug 21 05:28:17 +0000 2018,488,1529,69,7192,@officialnyscng Idoma to the world,Sun May 04 06:41:17 +0000 2025,0,0,en,576,False,False,0,0,,[],,576,0,False,False,69,7192,,@officialnyscng Idoma to the world
31,Alabi Tioluwani Stephen.,,Special_One02,Nigeria,Fri Aug 04 14:10:45 +0000 2017,1555,1438,2928,102487,@officialnyscng üëèüëèüëè,Thu Apr 17 19:12:39 +0000 2025,0,0,qme,119,False,False,0,0,,[],,119,0,False,False,2928,102487,,@officialnyscng üëèüëèüëè
32,ùë®ùíòùíêùíèùíäùíöùíä ùëªùíäùíéùíêùíïùíâùíö ùëªùíêùíÉùíÇ‚Ñ¢üíï,,TimothyToba,Nigeriaüá≥üá¨,Wed Apr 08 20:49:17 +0000 2020,206,2430,9,2868,@officialnyscng Please create forum for me to submit my ordeal about my NYSC issues,Sun May 04 09:32:19 +0000 2025,0,0,en,762,False,False,0,0,,[],,762,0,False,True,9,2868,,@officialnyscng Please create forum for me to submit my ordeal about my NYSC issues
33,Nche Bikwe,,NcheBikwe,Nigeria,Sun Jan 30 05:42:45 +0000 2011,2868,2778,44,3593,@officialnyscng Congratulations to them. And may their marriage be fruitful.,Sun May 04 13:01:54 +0000 2025,0,1,en,608,False,False,0,0,,[],,608,0,False,True,44,3593,,@officialnyscng Congratulations to them. And may their marriage be fruitful.
34,Emperorüëë,https://t.co/ZzsGvbQTJ6,Emperorgozmok,World,Wed Aug 17 15:38:45 +0000 2016,2203,1703,263,47362,@officialnyscng please inform @UnityBankPlc to stop opening account for corpers. They are terrible in banking.,Thu Apr 10 18:17:28 +0000 2025,1,0,en,73,False,False,0,2,,[],,73,1,False,True,263,47362,,@officialnyscng please inform @UnityBankPlc to stop opening account for corpers. They are terrible in banking.
35,Peterdino Emmanuel,,Peterdino2,Africa ,Thu Mar 20 21:51:33 +0000 2014,502,1442,315,15285,@officialnyscng Did you sent token to them?,Sun May 04 09:49:34 +0000 2025,0,0,en,607,False,False,0,0,,[],,607,0,False,False,315,15285,,@officialnyscng Did you sent token to them?
36,Big Headü©µ,,zeeydollarrrr0_,Web 3,Sat Oct 05 22:56:11 +0000 2019,800,1213,603,30051,@officialnyscng @keystonebankng abeg my 77k,Fri Mar 28 11:20:58 +0000 2025,1,1,en,266,False,False,1,1,,[],,266,1,False,True,603,30051,,@officialnyscng @keystonebankng abeg my 77k
37,Belema Idoniboyeobu,,BIdoniboye80292,,Sun Sep 08 08:23:09 +0000 2024,3,102,0,65,"@officialnyscng Please concerning the arrears, when should people be expecting it, the hardship in the country is too much. Some have finished serving but no jobs or money to startup a business. Please @officialnyscng look into the matter as the arrears can make many of us start a business.",Wed Apr 30 04:46:04 +0000 2025,2,6,en,832,False,False,0,0,,[],,832,2,False,False,0,65,,"@officialnyscng Please concerning the arrears, when should people be expecting it, the hardship in the country is too much. Some have finished serving but no jobs or money to startup a business. Please @officialnyscng look into the matter as the arrears can make many of us start a business."
38,ED,,EdOliviannadi,"Lagos, Nigeria",Wed Oct 04 08:32:59 +0000 2023,45,401,1,2754,@officialnyscng How about our arrears sir,Tue Apr 29 14:11:28 +0000 2025,0,8,en,1889,False,False,0,3,,[],,1889,0,False,True,1,2754,,@officialnyscng How about our arrears sir
39,theLeadingVibeüçÉ,,apOfph1,In my head,Mon Jan 15 05:16:23 +0000 2018,1111,1863,521,14846,@officialnyscng what is going on here? https://t.co/R8yMnX3gRM,Thu Apr 10 18:21:00 +0000 2025,0,0,en,8,False,False,0,0,,[],False,8,0,False,True,521,14846,"[{'display_url': 'pic.x.com/R8yMnX3gRM', 'expanded_url': 'https://x.com/apOfph1/status/1910397618234286271/photo/1', 'id_str': '1910397593735032832', 'indices': [39, 62], 'media_key': '3_1910397593735032832', 'media_url_https': 'https://pbs.twimg.com/media/GoMYfWJWcAAdRnH.jpg', 'type': 'photo', 'url': 'https://t.co/R8yMnX3gRM', 'ext_media_availability': {'status': 'Available'}, 'features': {'large': {'faces': []}, 'medium': {'faces': []}, 'small': {'faces': []}, 'orig': {'faces': []}}, 'sizes': {'large': {'h': 2048, 'w': 946, 'resize': 'fit'}, 'medium': {'h': 1200, 'w': 555, 'resize': 'fit'}, 'small': {'h': 680, 'w': 314, 'resize': 'fit'}, 'thumb': {'h': 150, 'w': 150, 'resize': 'crop'}}, 'original_info': {'height': 2532, 'width': 1170, 'focus_rects': [{'x': 0, 'y': 115, 'w': 1170, 'h': 655}, {'x': 0, 'y': 0, 'w': 1170, 'h': 1170}, {'x': 0, 'y': 0, 'w': 1170, 'h': 1334}, {'x': 0, 'y': 0, 'w': 1170, 'h': 2340}, {'x': 0, 'y': 0, 'w': 1170, 'h': 2532}]}, 'allow_download_status': {'allow_download': True}, 'media_results': {'result': {'media_key': '3_1910397593735032832'}}}]",@officialnyscng what is going on here? https://t.co/R8yMnX3gRM
40,Sh√´d√§üí±‚ôç,https://t.co/CbM8ne2bYy,shektirah_dauda,Nigeria,Wed Jul 11 16:14:47 +0000 2012,641,540,92,2765,@officialnyscng I wish to @officialnyscng  Report some cybercafes extorting money in the name of registration in Jimeta Yola.,Tue Apr 08 05:52:20 +0000 2025,0,0,en,194,False,False,0,1,,[],,194,0,False,True,92,2765,,@officialnyscng I wish to @officialnyscng  Report some cybercafes extorting money in the name of registration in Jimeta Yola.
41,Folaranmi Sadam Gbolahan FSG,,folaranmi_sadam,,Fri Aug 16 14:05:15 +0000 2019,635,1295,29,4687,@officialnyscng,Mon Apr 21 05:43:56 +0000 2025,0,0,qam,9,False,False,0,0,,[],,9,0,False,True,29,4687,,@officialnyscng
42,StackHouse,,GabrielSonOfMan,Somewhere beautiful,Sun Sep 04 19:15:28 +0000 2022,307,912,580,12920,"@officialnyscng ""ALSO HOLD MONEY FOR RANSOM""",Tue Apr 15 19:37:12 +0000 2025,0,2,en,1079,False,False,0,1,,[],,1079,0,False,True,580,12920,,"@officialnyscng ""ALSO HOLD MONEY FOR RANSOM"""
43,KABIR MK YOLA MATERIALS,,realkabirmkyola,,Sun Oct 17 20:02:57 +0000 2021,265,1275,26,24428,"@officialnyscng @instablog9ja @FMINONigeria @channelstv @MobilePunch @nidcom_gov @TheNationNews @OyoCorper @UNICEF_Nigeria @NITDANigeria @nimc_ng You don't have a good admin. Sack him ASAP. You don't clarify things, your action are unprofessional. Utterly disgrace",Wed Apr 09 08:24:10 +0000 2025,0,7,en,1097,False,False,0,0,,[],,1097,0,False,False,26,24428,,"@officialnyscng @instablog9ja @FMINONigeria @channelstv @MobilePunch @nidcom_gov @TheNationNews @OyoCorper @UNICEF_Nigeria @NITDANigeria @nimc_ng You don't have a good admin. Sack him ASAP. You don't clarify things, your action are unprofessional. Utterly disgrace"
44,Chidubem Stanley. (Mayor of Anambra),,Stanzzy_Stanlee,"Enugwu ukwu, Anambra state.",Sat Feb 05 02:01:15 +0000 2022,2596,2363,73,1089,@officialnyscng Pay us Easter bonus sir.... just do us surprisssseü§£,Sat Apr 19 19:01:00 +0000 2025,0,0,en,198,False,False,0,0,,[],,198,0,False,True,73,1089,,@officialnyscng Pay us Easter bonus sir.... just do us surprisssseü§£
45,Temitayo üêê,https://t.co/VGvDvSlyRG,archimedes_jr,,Sat Jul 13 15:19:42 +0000 2019,1314,1412,19,1034,"@officialnyscng  
What‚Äôs this one again? https://t.co/QpOplhqcds",Thu Apr 10 16:04:35 +0000 2025,0,0,en,15,False,False,0,0,,[],False,15,0,False,False,19,1034,"[{'display_url': 'pic.x.com/QpOplhqcds', 'expanded_url': 'https://x.com/archimedes_jr/status/1910363287058849818/photo/1', 'id_str': '1910363275918745600', 'indices': [41, 64], 'media_key': '3_1910363275918745600', 'media_url_https': 'https://pbs.twimg.com/media/GoL5RyUWoAAkTbp.jpg', 'type': 'photo', 'url': 'https://t.co/QpOplhqcds', 'ext_media_availability': {'status': 'Available'}, 'features': {'large': {'faces': []}, 'medium': {'faces': []}, 'small': {'faces': []}, 'orig': {'faces': []}}, 'sizes': {'large': {'h': 2048, 'w': 945, 'resize': 'fit'}, 'medium': {'h': 1200, 'w': 554, 'resize': 'fit'}, 'small': {'h': 680, 'w': 314, 'resize': 'fit'}, 'thumb': {'h': 150, 'w': 150, 'resize': 'crop'}}, 'original_info': {'height': 2048, 'width': 945, 'focus_rects': [{'x': 0, 'y': 195, 'w': 945, 'h': 529}, {'x': 0, 'y': 0, 'w': 945, 'h': 945}, {'x': 0, 'y': 0, 'w': 945, 'h': 1077}, {'x': 0, 'y': 0, 'w': 945, 'h': 1890}, {'x': 0, 'y': 0, 'w': 945, 'h': 2048}]}, 'allow_download_status': {'allow_download': True}, 'media_results': {'result': {'media_key': '3_1910363275918745600'}}}]","@officialnyscng  
What‚Äôs this one again? https://t.co/QpOplhqcds"
46,Coc,,Cocmez,Nigeria,Sun Mar 21 19:35:48 +0000 2021,947,897,474,12726,@officialnyscng Thank you Sir for the visit,Tue Apr 29 15:00:23 +0000 2025,0,0,en,857,False,False,0,0,,[],,857,0,False,True,474,12726,,@officialnyscng Thank you Sir for the visit
47,Alabi Tioluwani Stephen.,,Special_One02,Nigeria,Fri Aug 04 14:10:45 +0000 2017,1555,1438,2928,102487,@officialnyscng Thank you sir...,Sat Apr 19 09:47:32 +0000 2025,0,1,en,961,False,False,0,0,,[],,961,0,False,False,2928,102487,,@officialnyscng Thank you sir...
48,Smooth Operator,,tobiasluvsu,,Thu Nov 19 02:26:46 +0000 2015,652,498,12,4321,"@officialnyscng y‚Äôall are a bunch of
wicked men and women with no aim whatsoever but to make our lives miserable. The least you can do is provide an explanation as to why you‚Äôre delaying but you‚Äôd rather post about the DG and his visits lol oshey optics üòÇüòÇüòÇ",Mon May 05 12:58:11 +0000 2025,0,1,en,13,False,False,0,1,,[],,13,0,False,True,12,4321,,"@officialnyscng y‚Äôall are a bunch of
wicked men and women with no aim whatsoever but to make our lives miserable. The least you can do is provide an explanation as to why you‚Äôre delaying but you‚Äôd rather post about the DG and his visits lol oshey optics üòÇüòÇüòÇ"
49,Comfort Oghale,,OghaleComf52261,,Wed Feb 07 19:54:55 +0000 2024,2,37,1,23,"@officialnyscng Abeg nysc 
Time dey go
Allawee nko üò¢üôè",Wed Apr 30 10:36:42 +0000 2025,0,4,en,1900,False,False,0,0,,[],,1900,0,False,False,1,23,,"@officialnyscng Abeg nysc 
Time dey go
Allawee nko üò¢üôè"
50,ü¶à Eja Nla Of World Ocean üî•,https://t.co/9adOuBV0vq,MOsundare,Nigeria,Thu Apr 09 03:14:20 +0000 2020,1421,5192,37,10790,@officialnyscng Pay there Arrears...üëÄ,Sun May 04 11:02:01 +0000 2025,0,0,en,328,False,False,0,0,,[],,328,0,False,False,37,10790,,@officialnyscng Pay there Arrears...üëÄ
51,PaakoNFLü¶Ö,,PaakoNFL1965,,Fri Jun 16 10:52:23 +0000 2023,25,55,9,1532,@officialnyscng @OPay_NG @OPaySupport please let me have access to my money ooo,Sun May 04 22:56:12 +0000 2025,0,0,en,197,False,False,0,0,,[],,197,0,False,False,9,1532,,@officialnyscng @OPay_NG @OPaySupport please let me have access to my money ooo
52,Turubu,,fueksy,On the Path to Contentment,Mon May 10 10:57:49 +0000 2010,1704,380,1459,167821,@officialnyscng I hope you have seen the TikTok you have been tagged on,Fri Apr 25 17:44:37 +0000 2025,0,0,en,1,False,False,0,0,,[],,1,0,False,True,1459,167821,,@officialnyscng I hope you have seen the TikTok you have been tagged on
53,AbdulAziz_Elnino,,Elnino_haaz,"Daly City, CA",Mon Nov 27 11:03:48 +0000 2017,1365,1648,710,16286,@officialnyscng @prnigeria @channelstv @daily_trust @DailyPostNGR @fmydNG @NigEducation @FMINONigeria @NOA_Nigeria @Adamu_Mavakumba,Sat Apr 05 13:42:06 +0000 2025,0,1,qam,1308,False,False,0,0,,[],,1308,0,False,True,710,16286,,@officialnyscng @prnigeria @channelstv @daily_trust @DailyPostNGR @fmydNG @NigEducation @FMINONigeria @NOA_Nigeria @Adamu_Mavakumba
54,Lord_Ciiscoü¶Öüõ∏,https://t.co/0tL1Xb9knW,iamciisco,somewere in da universe,Wed Nov 09 14:57:57 +0000 2022,342,556,13,431,"@officialnyscng @ajuwayamedia @MobilePunch @nidcom_gov @TheNationNews @nysc_anambra @OyoCorper @instablog9ja @inecnigeria @ARISEtv @nimc_ng Very misplaced priority 
How does this helps corpers and also PCM in what is really going on in that portal",Thu Apr 10 16:23:20 +0000 2025,1,1,en,1099,False,False,0,0,,[],,1099,1,False,False,13,431,,"@officialnyscng @ajuwayamedia @MobilePunch @nidcom_gov @TheNationNews @nysc_anambra @OyoCorper @instablog9ja @inecnigeria @ARISEtv @nimc_ng Very misplaced priority 
How does this helps corpers and also PCM in what is really going on in that portal"
55,Adeolu,,alad3e,,Tue Dec 12 22:42:39 +0000 2017,957,1141,100,15794,"@officialnyscng 
Please what can be done for a lady in the cafe I went to yesterday, she‚Äôs a burn victim and due to the ill incident that happened to her in the past 
She lacked fingerprints patterns on her fingers &amp; couldn‚Äôt register the fingerprints biometrics 
Please Help",Tue Apr 08 23:33:08 +0000 2025,0,0,en,14,False,False,0,0,,[],,14,0,False,True,100,15794,,"@officialnyscng 
Please what can be done for a lady in the cafe I went to yesterday, she‚Äôs a burn victim and due to the ill incident that happened to her in the past 
She lacked fingerprints patterns on her fingers &amp; couldn‚Äôt register the fingerprints biometrics 
Please Help"
56,Hameedah Danmole,,Governor_Doyin,"Lagos, Nigeria",Tue Jun 16 10:33:41 +0000 2015,397,528,81,4948,"@officialnyscng please üôè investigate this matter, this is highly inappropriate and dangerous. 

A lot of male corpers you post to this schools end up SA-ing the poor girls. Please use this big headed goat to do scape goat üôè

Please üôè",Fri Apr 25 20:01:54 +0000 2025,0,0,en,58,False,False,0,0,,[],,58,0,False,True,81,4948,,"@officialnyscng please üôè investigate this matter, this is highly inappropriate and dangerous. 

A lot of male corpers you post to this schools end up SA-ing the poor girls. Please use this big headed goat to do scape goat üôè

Please üôè"
57,Yusuf Dawud Abdullahi,,YusufDawudAbdu1,"Adamawa, Nigeria",Wed Jan 15 14:48:51 +0000 2020,1173,1366,106,14551,"@officialnyscng Access bank holds coppers allowance for a week or two before releasing it. They don't release corp members allowance while others releases. Please take action on them.
@myaccessbank @access_more  @nysc360",Sun May 04 06:58:54 +0000 2025,0,1,en,70,False,False,0,1,,[],,70,0,False,True,106,14551,,"@officialnyscng Access bank holds coppers allowance for a week or two before releasing it. They don't release corp members allowance while others releases. Please take action on them.
@myaccessbank @access_more  @nysc360"
58,Arabian,https://t.co/70PeI8JM5b,Dereck_asibor,World ,Fri Jun 28 06:55:37 +0000 2013,89,605,80,2386,@officialnyscng I never hear Edo surname before wey be Longe. The name sound plateau rather than Edo.,Sun May 04 09:02:31 +0000 2025,0,0,en,730,False,False,0,0,,[],,730,0,False,False,80,2386,,@officialnyscng I never hear Edo surname before wey be Longe. The name sound plateau rather than Edo.
59,#RevolutionNow.,,ahadsalam1,Nigeria,Sun Jul 03 17:51:09 +0000 2022,136,433,189,2287,"@officialnyscng So the government cannot protect corpers, they can't provide mosquito nets. Okay o",Tue Apr 15 19:25:53 +0000 2025,0,5,en,1347,False,False,0,0,,[],,1347,0,False,False,189,2287,,"@officialnyscng So the government cannot protect corpers, they can't provide mosquito nets. Okay o"
60,"Hon. Olayiwola Quadri SALAMI (M.Sc,Acipa).",,sansanmiami,"Ijebu-Ode, Nigeria",Fri Aug 26 14:54:04 +0000 2011,607,1828,318,8470,"@officialnyscng @nimc_ng My wife has added my surname to her father's name after our marriage on NIN.

Now to create a profile on NYSC portal, it's rejecting her NIN.

What can be done please?",Mon Apr 07 19:42:36 +0000 2025,0,1,en,148,False,False,0,0,,[],,148,0,False,False,318,8470,,"@officialnyscng @nimc_ng My wife has added my surname to her father's name after our marriage on NIN.

Now to create a profile on NYSC portal, it's rejecting her NIN.

What can be done please?"
61,Surface,,Special_beingxo,,Mon Jul 04 04:44:01 +0000 2022,1733,2448,704,143952,@officialnyscng where's my alawee üôÑüôÑüôÑ,Tue Apr 29 14:47:16 +0000 2025,0,0,en,256,False,False,0,0,,[],,256,0,False,True,704,143952,,@officialnyscng where's my alawee üôÑüôÑüôÑ
62,sToiC_Zanüáßüá™ü™ñü¶ç,,bazz_stoney,Phantom Zone ,Fri Jul 10 09:44:11 +0000 2020,314,271,367,6959,"@officialnyscng This is first of May already, what is happening üò≠üíî. A ti ri allawee",Thu May 01 05:42:45 +0000 2025,0,0,en,130,False,False,0,0,,[],,130,0,False,False,367,6959,,"@officialnyscng This is first of May already, what is happening üò≠üíî. A ti ri allawee"
63,Oyedele Veronica Toyin,,VeronicaToyin,"Federal Capital Territory, Nig",Fri Feb 17 16:23:40 +0000 2023,357,484,46,380,"@officialnyscng @officialnyscng am highly disappointed in you, my brother has been posted to camp, going from Abuja to Portharcourt is almost 30k, reaching there, he was told camp has full he should to come back home and he should reapply for batch B. It's unfair, you should have know the",Wed Apr 30 15:52:52 +0000 2025,2,0,en,519,False,False,0,1,,[],,519,2,False,False,46,380,,"@officialnyscng @officialnyscng am highly disappointed in you, my brother has been posted to camp, going from Abuja to Portharcourt is almost 30k, reaching there, he was told camp has full he should to come back home and he should reapply for batch B. It's unfair, you should have know the"
64,The real ogbanje ‚ôêÔ∏è,,ogbanjeee,Nigeria,Tue Jul 10 11:22:52 +0000 2018,896,865,101,4962,@officialnyscng abeg pay allawee,Mon May 05 11:42:30 +0000 2025,0,0,en,34,False,False,0,0,,[],,34,0,False,True,101,4962,,@officialnyscng abeg pay allawee
65,Surviving_Hell_with_El_Kumari,,El_Kumari_101,,Fri Sep 15 08:43:15 +0000 2023,22,126,44,938,@officialnyscng He came to Kaduna too https://t.co/1uyiGFYTs8,Tue Apr 29 19:22:21 +0000 2025,0,2,en,1182,False,False,0,2,,[],False,1182,0,False,False,44,938,"[{'display_url': 'pic.x.com/1uyiGFYTs8', 'expanded_url': 'https://x.com/El_Kumari_101/status/1917298428041728088/video/1', 'id_str': '1917298063648997377', 'indices': [38, 61], 'media_key': '13_1917298063648997377', 'media_url_https': 'https://pbs.twimg.com/amplify_video_thumb/1917298063648997377/img/YZh7xbNYpYHNdLhe.jpg', 'type': 'video', 'url': 'https://t.co/1uyiGFYTs8', 'additional_media_info': {'monetizable': False}, 'ext_media_availability': {'status': 'Available'}, 'sizes': {'large': {'h': 1280, 'w': 720, 'resize': 'fit'}, 'medium': {'h': 1200, 'w': 675, 'resize': 'fit'}, 'small': {'h': 680, 'w': 383, 'resize': 'fit'}, 'thumb': {'h': 150, 'w': 150, 'resize': 'crop'}}, 'original_info': {'height': 1280, 'width': 720, 'focus_rects': []}, 'allow_download_status': {'allow_download': True}, 'video_info': {'aspect_ratio': [9, 16], 'duration_millis': 42933, 'variants': [{'content_type': 'application/x-mpegURL', 'url': 'https://video.twimg.com/amplify_video/1917298063648997377/pl/NcxVR6P_R3BbPVN5.m3u8?tag=14'}, {'bitrate': 632000, 'content_type': 'video/mp4', 'url': 'https://video.twimg.com/amplify_video/1917298063648997377/vid/avc1/320x568/UdT3qjvv9Y_D5gDt.mp4?tag=14'}, {'bitrate': 950000, 'content_type': 'video/mp4', 'url': 'https://video.twimg.com/amplify_video/1917298063648997377/vid/avc1/480x852/VK5d4DuDwsqJ4epT.mp4?tag=14'}, {'bitrate': 2176000, 'content_type': 'video/mp4', 'url': 'https://video.twimg.com/amplify_video/1917298063648997377/vid/avc1/720x1280/griM4bCfd7AHBT8S.mp4?tag=14'}]}, 'media_results': {'result': {'media_key': '13_1917298063648997377'}}}]",@officialnyscng He came to Kaduna too https://t.co/1uyiGFYTs8
66,MAüí´RY,,2Prettymary,"Lagos, Nigeria",Mon Oct 09 11:56:57 +0000 2023,99,211,115,4189,@officialnyscng @instablog9ja @FMINONigeria @channelstv @MobilePunch @nidcom_gov @TheNationNews @OyoCorper @UNICEF_Nigeria @NITDANigeria @nimc_ng We that registered with Batch C and were later moved to Batch A are supposed to start receiving call up number by now. What's happening?,Wed Apr 09 07:51:17 +0000 2025,1,11,en,3465,False,False,0,1,,[],,3465,1,False,True,115,4189,,@officialnyscng @instablog9ja @FMINONigeria @channelstv @MobilePunch @nidcom_gov @TheNationNews @OyoCorper @UNICEF_Nigeria @NITDANigeria @nimc_ng We that registered with Batch C and were later moved to Batch A are supposed to start receiving call up number by now. What's happening?
67,Atom Atom,,VNVnifemi,,Thu Mar 06 16:47:37 +0000 2025,524,49,22,165,"@officialnyscng NYSC,it is better to protect your decency from what you are about to do with Princes Surah Animashaun without exception letter that you people are trying to issue to her now with MONEY. It has been exposed to the world and I will advice you to stay away from it",Thu Apr 10 18:33:58 +0000 2025,0,0,en,261,False,False,0,1,,[],,261,0,False,False,22,165,,"@officialnyscng NYSC,it is better to protect your decency from what you are about to do with Princes Surah Animashaun without exception letter that you people are trying to issue to her now with MONEY. It has been exposed to the world and I will advice you to stay away from it"
68,MMGee ESQüö∂,,GbengaMa1,,Thu Jul 28 06:35:03 +0000 2022,481,585,24,2259,@officialnyscng Don't give me hope üòî,Sun May 04 15:51:07 +0000 2025,0,0,en,193,False,False,0,0,,[],,193,0,False,False,24,2259,,@officialnyscng Don't give me hope üòî
69,Isaiah Mordi,,badperson__9,,Mon Jan 13 16:47:17 +0000 2025,6,173,0,43,@officialnyscng That 77k na for two months because this thing no funny again,Tue Apr 29 16:28:43 +0000 2025,0,8,en,1379,False,False,0,1,,[],,1379,0,False,False,0,43,,@officialnyscng That 77k na for two months because this thing no funny again
70,Boss PETERSON (BP) PETER OBI 1st SON,https://t.co/T68alERXF5,BossPETERSON3,Abuja ,Sun Apr 10 11:55:15 +0000 2022,239,735,475,2846,@officialnyscng Please üôèwhat ha the reward like?,Sun May 04 17:58:06 +0000 2025,0,0,en,496,True,False,0,0,,[],,496,0,False,True,475,2846,,@officialnyscng Please üôèwhat ha the reward like?
71,alice janet Mary ü•∞ü•≥,,MaryKkvsh,,Thu Jul 27 18:03:57 +0000 2023,71,724,35,60,@officialnyscng We are been maltreated at benue camp,Mon May 05 02:16:19 +0000 2025,0,0,en,243,False,False,0,0,,[],,243,0,False,True,35,60,,@officialnyscng We are been maltreated at benue camp
72,alice janet Mary ü•∞ü•≥,,MaryKkvsh,,Thu Jul 27 18:03:57 +0000 2023,71,724,35,60,@officialnyscng Please üôè tag it‚Äôs getting too much we are been maltreated at benue camp waking us up by 2am,Mon May 05 02:17:16 +0000 2025,0,0,en,228,False,False,0,0,,[],,228,0,False,True,35,60,,@officialnyscng Please üôè tag it‚Äôs getting too much we are been maltreated at benue camp waking us up by 2am
73,NYSC NDHQ,https://t.co/XlRVtEfbp8,officialnyscng,"Abuja, Nigeria",Tue Jul 03 13:36:02 +0000 2018,277867,200,2060,6859,"As we celebrate, I wish everyone a peaceful and joyous celebration. Christ is the reason for the season. 
Shalom.",Sat Apr 19 09:50:53 +0000 2025,2,31,en,9099,False,False,0,1,,[],,9099,2,False,False,2060,6859,,"As we celebrate, I wish everyone a peaceful and joyous celebration. Christ is the reason for the season. 
Shalom."
74,y√≥r√πb√† gud/bad boi,https://t.co/yGfRhSIgKt,hy_show0,,Wed Nov 01 18:23:59 +0000 2023,360,1155,20,2375,@officialnyscng @nysc360 Please can someone fill the relocation registration twice ? Just in case you want to do ur in different places for assurance,Mon Apr 28 19:36:09 +0000 2025,0,1,en,47,False,False,0,1,,[],,47,0,False,True,20,2375,,@officialnyscng @nysc360 Please can someone fill the relocation registration twice ? Just in case you want to do ur in different places for assurance
75,MENE,,KingPresh001,"Port Harcourt, Nigeria",Sun May 15 22:09:59 +0000 2022,1178,1346,20,1706,"@officialnyscng @instablog9ja @FMINONigeria @channelstv @MobilePunch @nidcom_gov @TheNationNews @OyoCorper @UNICEF_Nigeria @NITDANigeria @nimc_ng I haven't seen my call up number yet, after being moved from batch C to A, what's happeningüò≠",Wed Apr 09 07:43:57 +0000 2025,0,1,en,4185,False,False,0,2,,[],,4185,0,False,True,20,1706,,"@officialnyscng @instablog9ja @FMINONigeria @channelstv @MobilePunch @nidcom_gov @TheNationNews @OyoCorper @UNICEF_Nigeria @NITDANigeria @nimc_ng I haven't seen my call up number yet, after being moved from batch C to A, what's happeningüò≠"
76,LEE‚ú®,,quadri_lee,"Ado Ekiti, Nigeria",Wed Jan 22 09:34:00 +0000 2020,1130,741,313,16215,@officialnyscng allawe when ??,Tue Apr 29 09:30:09 +0000 2025,0,0,en,17,False,False,0,0,,[],,17,0,False,False,313,16215,,@officialnyscng allawe when ??
77,üëë Arinze üëëüíé,https://t.co/liDdNQpY13,Arinze_Emma9,Nigeria,Sun Jul 16 15:19:53 +0000 2023,270,577,410,5897,@officialnyscng On top 77k monthly? Hmmm,Sun May 04 09:03:58 +0000 2025,0,0,en,1039,False,False,0,2,,[],,1039,0,False,True,410,5897,,@officialnyscng On top 77k monthly? Hmmm
78,DeFi_Priestüíé,https://t.co/vmbcNaCg5Z,_DeFi_priest,West Africa,Sat Aug 03 21:22:35 +0000 2019,526,775,428,6288,"@officialnyscng As e take be Like this,
It means Batch C stream 1&amp; 2 May not camp this year.",Fri Apr 25 08:46:29 +0000 2025,0,0,en,91,False,False,0,0,,[],,91,0,False,True,428,6288,,"@officialnyscng As e take be Like this,
It means Batch C stream 1&amp; 2 May not camp this year."
79,NYSC NDHQ,https://t.co/XlRVtEfbp8,officialnyscng,"Abuja, Nigeria",Tue Jul 03 13:36:02 +0000 2018,277867,200,2060,6859,"Accordingly, you are therefore urged to login to preview your details and make necessary corrections where appropriate, before the production of CoE.For the purpose of clarity,you could apply for the following corrections via your dashboard, name,date of birth and course of study",Tue Apr 15 15:23:54 +0000 2025,0,24,en,9043,False,False,0,1,"<Place id=""00e55e2b4c491c5f"" name=""Abuja"">",[],,9043,0,False,False,2060,6859,,"Accordingly, you are therefore urged to login to preview your details and make necessary corrections where appropriate, before the production of CoE.For the purpose of clarity,you could apply for the following corrections via your dashboard, name,date of birth and course of study"
80,"LEEüñ§, THE AREWA GIRL",https://t.co/wbaVSgG9ix,lynn_jatau,Earth,Fri Oct 07 23:28:29 +0000 2016,5763,2598,384,23612,@officialnyscng Howfar na? Until I die?ü•≤,Sat Apr 26 20:43:40 +0000 2025,0,0,en,,False,False,0,0,,[],,,0,False,True,384,23612,,@officialnyscng Howfar na? Until I die?ü•≤
81,Omorovbiyeüçí,,rosemary_ovbiye,Venus,Fri Nov 17 19:57:42 +0000 2017,53,417,12,1491,@officialnyscng Please stop making corp members open accounts with UNITY BANK. It is almost impossible accessing the bank app because it‚Äôs every day they have issues with it &amp; their USSD is practically nonexistent! It‚Äôs difficult for corp members banking with them to access thier funds. Thanks.,Fri Mar 28 15:07:44 +0000 2025,0,1,en,143,False,False,0,2,,[],,143,0,False,True,12,1491,,@officialnyscng Please stop making corp members open accounts with UNITY BANK. It is almost impossible accessing the bank app because it‚Äôs every day they have issues with it &amp; their USSD is practically nonexistent! It‚Äôs difficult for corp members banking with them to access thier funds. Thanks.
82,D3K0,,Iamdekkonow,Nigeria,Thu Sep 13 23:02:48 +0000 2018,623,719,64,3471,"@officialnyscng having trouble remobilizing on your website. Every time I click 'save records', I get an error message. Can you please help me resolve this issue? #NYSC https://t.co/lwLTskS7Od",Wed Apr 16 10:42:44 +0000 2025,0,0,en,33,False,False,0,0,,['NYSC'],False,33,0,False,False,64,3471,"[{'display_url': 'pic.x.com/lwLTskS7Od', 'expanded_url': 'https://x.com/Iamdekkonow/status/1912456619545231637/photo/1', 'id_str': '1912456605397884928', 'indices': [169, 192], 'media_key': '3_1912456605397884928', 'media_url_https': 'https://pbs.twimg.com/media/GoppJmUXIAAwIQp.jpg', 'type': 'photo', 'url': 'https://t.co/lwLTskS7Od', 'ext_media_availability': {'status': 'Available'}, 'features': {'large': {'faces': []}, 'medium': {'faces': []}, 'small': {'faces': []}, 'orig': {'faces': []}}, 'sizes': {'large': {'h': 447, 'w': 2048, 'resize': 'fit'}, 'medium': {'h': 262, 'w': 1200, 'resize': 'fit'}, 'small': {'h': 148, 'w': 680, 'resize': 'fit'}, 'thumb': {'h': 150, 'w': 150, 'resize': 'crop'}}, 'original_info': {'height': 447, 'width': 2048, 'focus_rects': [{'x': 0, 'y': 0, 'w': 798, 'h': 447}, {'x': 32, 'y': 0, 'w': 447, 'h': 447}, {'x': 59, 'y': 0, 'w': 392, 'h': 447}, {'x': 143, 'y': 0, 'w': 224, 'h': 447}, {'x': 0, 'y': 0, 'w': 2048, 'h': 447}]}, 'media_results': {'result': {'media_key': '3_1912456605397884928'}}}]","@officialnyscng having trouble remobilizing on your website. Every time I click 'save records', I get an error message. Can you please help me resolve this issue? #NYSC https://t.co/lwLTskS7Od"
83,Tammy Presh‚Ñ¢,,Big_TammzyPresh,,Fri Jul 29 18:42:16 +0000 2022,251,673,369,8507,@officialnyscng This guy fine sha.... ü§î,Sat Apr 19 22:31:26 +0000 2025,0,0,en,237,False,False,0,0,,[],,237,0,False,False,369,8507,,@officialnyscng This guy fine sha.... ü§î
84,A.A-Malik,,itopa_ofkogi,kogi state ,Thu Oct 15 21:23:25 +0000 2020,190,1319,143,5102,"@officialnyscng @prnigeria @channelstv @daily_trust @DailyPostNGR @fmydNG @NigEducation @FMINONigeria @NOA_Nigeria This New NYSC Boss just dey humble.
The former One for don lock this page.",Sat Apr 05 12:08:51 +0000 2025,0,2,en,1980,False,False,0,0,,[],,1980,0,False,False,143,5102,,"@officialnyscng @prnigeria @channelstv @daily_trust @DailyPostNGR @fmydNG @NigEducation @FMINONigeria @NOA_Nigeria This New NYSC Boss just dey humble.
The former One for don lock this page."
85,Abu Uways 2438 ‚ô•Ô∏è Memecoin$FYN$MOJO,,2438Abu,"Ilorin, Nigeria",Sun Oct 25 12:00:14 +0000 2020,1472,1519,233,5068,@officialnyscng Who‚Äôs currently camping in bayelsa state?,Wed Apr 30 13:21:58 +0000 2025,0,0,en,288,False,False,0,0,,[],,288,0,False,False,233,5068,,@officialnyscng Who‚Äôs currently camping in bayelsa state?
86,Parrot mouth,,parrotmouth3,Ghana,Wed Nov 10 06:52:51 +0000 2021,130,10,17,107,@officialnyscng Una don change graphic designers? Who do this kind yeye design?,Tue Apr 15 19:25:46 +0000 2025,0,2,en,3031,False,False,0,2,,[],,3031,0,False,False,17,107,,@officialnyscng Una don change graphic designers? Who do this kind yeye design?
87,Stallionüß∏,,0xstallion_,,Sun Apr 16 09:50:10 +0000 2023,450,868,44,1194,@officialnyscng When is batch B stream 1,Fri Apr 25 08:34:30 +0000 2025,0,2,en,1015,False,False,0,4,,[],,1015,0,False,False,44,1194,,@officialnyscng When is batch B stream 1
88,Samfield Hawb,,SamfieldCode,,Sat Jan 22 07:36:28 +0000 2022,118,108,25,645,"@officialnyscng new registrations are not getting the confirmation mails till now, and how can we resend it from the portal?",Mon Apr 07 07:42:20 +0000 2025,1,0,en,96,False,False,0,0,,[],,96,1,False,False,25,645,,"@officialnyscng new registrations are not getting the confirmation mails till now, and how can we resend it from the portal?"
89,Heart Of Stone,,EL_Rapido_007,,Wed Dec 28 07:14:22 +0000 2022,64,383,202,3637,"@officialnyscng @channelstv @MobilePunch @TheNationNews @OyoCorper @ajuwayamedia @nysc_anambra @CorrectionsNg @nidcom_gov @NITDANigeria @UNICEF_Nigeria Incoming corp members avoid @myaccessbank  at all cost, thank me later",Thu Mar 27 15:37:34 +0000 2025,0,5,en,942,False,False,0,2,,[],,942,0,False,True,202,3637,,"@officialnyscng @channelstv @MobilePunch @TheNationNews @OyoCorper @ajuwayamedia @nysc_anambra @CorrectionsNg @nidcom_gov @NITDANigeria @UNICEF_Nigeria Incoming corp members avoid @myaccessbank  at all cost, thank me later"
90,Macrophages,,ONcoVin,"Onitsha, Nigeria",Thu Jul 23 11:31:47 +0000 2020,1054,514,133,17179,"@officialnyscng @nationalnma @Nigerian_Doctor,
I propose that Corper Doctors should not pay annual dues in their NYSC year of service. They can not be serving the country at an almost free cost, and still be made to pay dues to the country.
Please look into this and consider it.",Fri Apr 04 08:56:56 +0000 2025,0,0,en,34,False,False,0,0,,[],,34,0,False,False,133,17179,,"@officialnyscng @nationalnma @Nigerian_Doctor,
I propose that Corper Doctors should not pay annual dues in their NYSC year of service. They can not be serving the country at an almost free cost, and still be made to pay dues to the country.
Please look into this and consider it."
91,Isa Kabir üá≥üá¨,,_IsaKabir,Earth,Wed Jan 18 08:45:16 +0000 2012,449,555,49,9662,"@officialnyscng  You announced that change of name for married women for redeployment is optional as per https://t.co/xv5kzGd1oG
Yet, even those that chose the option of not changing their names on the reg portal,",Thu Apr 10 11:48:29 +0000 2025,0,0,en,19,False,False,0,1,,[],False,19,0,False,True,49,9662,,"@officialnyscng  You announced that change of name for married women for redeployment is optional as per https://t.co/xv5kzGd1oG
Yet, even those that chose the option of not changing their names on the reg portal,"
92,Nobert Ifeanyi Agbo,,Nobledesignsss,"Lagos, Nigeria",Mon Jan 20 04:33:16 +0000 2025,8,33,1,32,@officialnyscng @OyoCorper @nysc_anambra @inecnigeria @TheNationNews @FMINONigeria @NafdacAgency @nassnigeria @PoliceNG @nigeriantribune @NigAirForce Kano Camp...Much respect to the DGüíØüíØ,Sun May 04 10:38:51 +0000 2025,0,0,en,74,False,False,0,0,,[],,74,0,False,False,1,32,,@officialnyscng @OyoCorper @nysc_anambra @inecnigeria @TheNationNews @FMINONigeria @NafdacAgency @nassnigeria @PoliceNG @nigeriantribune @NigAirForce Kano Camp...Much respect to the DGüíØüíØ
93,@Davido‚Äôs galfrnd aka YourShoePlug,,unwana_williams,"Lagos, Nigeria",Fri Oct 09 19:20:15 +0000 2020,5645,4336,2737,25830,"@officialnyscng pls have been waiting to get a response on my mail since 8am.. still haven‚Äôt received it üò≠üò≠üò≠üò≠üò≠üò≠

Pls help me",Mon Apr 07 14:19:45 +0000 2025,0,0,en,2,False,False,0,0,,[],,2,0,False,False,2737,25830,,"@officialnyscng pls have been waiting to get a response on my mail since 8am.. still haven‚Äôt received it üò≠üò≠üò≠üò≠üò≠üò≠

Pls help me"
94,Jerome,https://t.co/RdX2IyAcaT,JeromeFAJi,Earth üåç üó∫ ,Fri Jan 14 08:47:54 +0000 2011,14821,6512,143,40941,"@officialnyscng @ndlea_nigeria @ajuwayamedia @channelstv @nidcom_gov @MobilePunch @OyoCorper @nysc_anambra @USinNigeria @inecnigeria @FRSCNigeria Please, there's a discrepancy between the year of graduation on my brother's call-up letter and his school certificate. He is currently at the NYSC camp but has been unable to proceed with his registration due to this issue. Kindly advise on how he can rectify it. Thank you.",Thu Apr 24 10:57:09 +0000 2025,0,0,en,446,False,False,0,0,,[],,446,0,False,True,143,40941,,"@officialnyscng @ndlea_nigeria @ajuwayamedia @channelstv @nidcom_gov @MobilePunch @OyoCorper @nysc_anambra @USinNigeria @inecnigeria @FRSCNigeria Please, there's a discrepancy between the year of graduation on my brother's call-up letter and his school certificate. He is currently at the NYSC camp but has been unable to proceed with his registration due to this issue. Kindly advise on how he can rectify it. Thank you."
95,Major ü•∑,,Major2471,Everywhere you go,Thu Nov 18 18:40:07 +0000 2021,652,762,1050,5784,"@officialnyscng Abeg na, make men taste allawee na",Tue Apr 29 14:00:21 +0000 2025,0,1,en,1123,False,False,0,0,,[],,1123,0,False,True,1050,5784,,"@officialnyscng Abeg na, make men taste allawee na"
96,SON OF A-MAKER,,Marshall_Osa,¬£ARTH,Fri Dec 09 12:05:27 +0000 2011,617,846,2138,21549,"@officialnyscng 
Good morning dearest, how are you? 

Just Checking on you 

Love you üòò",Wed Apr 30 06:45:02 +0000 2025,0,0,en,3,False,False,0,0,,[],,3,0,False,True,2138,21549,,"@officialnyscng 
Good morning dearest, how are you? 

Just Checking on you 

Love you üòò"
97,‚ú™ B|LL|ON‚àÜ|RE‚ú™‚Ñ¢üá∫üá≤üá¨üáß,,Theo_Thunder7,,Fri Jul 07 20:13:16 +0000 2017,913,795,835,3278,@officialnyscng So nothing on we HND that did PT in ND?,Tue Apr 15 20:31:42 +0000 2025,0,1,en,859,False,False,0,0,,[],,859,0,False,False,835,3278,,@officialnyscng So nothing on we HND that did PT in ND?
98,FKJüçÅ,,_eleniyan99,,Wed Apr 22 19:23:41 +0000 2020,497,934,252,11144,"@officialnyscng please do the needful 
Zamafara to be precise",Wed Apr 16 17:09:17 +0000 2025,0,0,en,19,False,False,0,1,,[],,19,0,False,True,252,11144,,"@officialnyscng please do the needful 
Zamafara to be precise"
99,Clement OnomuodekeüöÄüá∫üá¶ üëÜ,https://t.co/iOWsyn8x7Y,ClementEmosivwe,Port Harcourt,Wed Mar 27 11:38:26 +0000 2013,1509,916,954,29112,"@officialnyscng My camp in 2022.. A peaceful and power state where Nupe music, girls dress and dance are incredibly interesting and adorable.",Tue Apr 29 15:38:41 +0000 2025,0,0,en,220,False,False,0,0,,[],,220,0,False,True,954,29112,,"@officialnyscng My camp in 2022.. A peaceful and power state where Nupe music, girls dress and dance are incredibly interesting and adorable."
100,IMPERIO ü¶à‚ûê,,thegodoba,United Kingdom,Thu Nov 07 22:41:46 +0000 2019,7090,5726,894,52587,"@officialnyscng wen code 
Gib me code nau üò©
Since morning make person never see verification mail Or is until they call you people out ni üò©",Mon Apr 07 20:40:27 +0000 2025,0,0,en,5,False,False,0,0,,[],,5,0,False,True,894,52587,,"@officialnyscng wen code 
Gib me code nau üò©
Since morning make person never see verification mail Or is until they call you people out ni üò©"
101,geezer,,___geezer,Geezer's space,Thu Jan 13 14:09:10 +0000 2022,1956,1563,1219,30264,@officialnyscng Hope you're doing good? I say make I greet you and federal government ohhh,Mon Apr 28 16:31:54 +0000 2025,0,0,en,2,False,False,0,0,,[],,2,0,False,True,1219,30264,,@officialnyscng Hope you're doing good? I say make I greet you and federal government ohhh
102,Adetunji Abdul Salam,,Aboo_Mubeenah,"Lagos, Nigeria",Mon Jul 18 03:14:25 +0000 2022,26,123,10,42,"@officialnyscng WE NEVER CAN TELL, NYSC MIGHT BE PLANNING TO PAY ARREAS TOGETHER WITH THE 77K.

LET HOPE FOR THE BEST!

ABOO MUBEENAH",Wed Apr 30 04:14:17 +0000 2025,0,2,en,1134,False,False,0,3,,[],,1134,0,False,True,10,42,,"@officialnyscng WE NEVER CAN TELL, NYSC MIGHT BE PLANNING TO PAY ARREAS TOGETHER WITH THE 77K.

LET HOPE FOR THE BEST!

ABOO MUBEENAH"
103,NYSC NDHQ,https://t.co/XlRVtEfbp8,officialnyscng,"Abuja, Nigeria",Tue Jul 03 13:36:02 +0000 2018,277865,200,2060,6859,"He further expressed thanks to God Almighty for sparing General Tsiga's life as well as enabling him to be reunited with his family, associates, and loved ones, including the NYSC family.",Thu Apr 10 15:40:14 +0000 2025,0,17,en,12665,False,False,0,0,,[],,12665,0,False,False,2060,6859,,"He further expressed thanks to God Almighty for sparing General Tsiga's life as well as enabling him to be reunited with his family, associates, and loved ones, including the NYSC family."
104,emye üòè,https://t.co/J2N0c4aUxR,Imeeeokon,Close to you,Sun Jul 09 19:34:07 +0000 2017,2436,2125,882,12672,"@officialnyscng @instablog9ja @FMINONigeria @channelstv @MobilePunch @nidcom_gov @TheNationNews @OyoCorper @UNICEF_Nigeria @NITDANigeria @nimc_ng Lol
Because you've increased allowee you will be sanctioning corp members in the name of wrong dress code. You should also groom their hair, no dreadlocks, no spraying of hair, piercing, tattoos, etc.",Thu Apr 10 12:09:34 +0000 2025,0,0,en,179,True,False,0,0,,[],,179,0,False,True,882,12672,,"@officialnyscng @instablog9ja @FMINONigeria @channelstv @MobilePunch @nidcom_gov @TheNationNews @OyoCorper @UNICEF_Nigeria @NITDANigeria @nimc_ng Lol
Because you've increased allowee you will be sanctioning corp members in the name of wrong dress code. You should also groom their hair, no dreadlocks, no spraying of hair, piercing, tattoos, etc."
105,ICEü•∂,https://t.co/zvdOf77G2j,OGhemmer,"Lagos, Nigeria",Fri Aug 23 03:26:34 +0000 2019,333,0,145,4127,@officialnyscng @nidcom_gov @channelstv @cacnigeria1 @MobilePunch @FMINONigeria @TheNationNews @OyoCorper @ajuwayamedia @inecnigeria @nysc_anambra When call up number?,Thu Apr 10 12:14:38 +0000 2025,0,0,en,1744,False,False,0,0,,[],,1744,0,False,True,145,4127,,@officialnyscng @nidcom_gov @channelstv @cacnigeria1 @MobilePunch @FMINONigeria @TheNationNews @OyoCorper @ajuwayamedia @inecnigeria @nysc_anambra When call up number?
106,‚ÑÇ ùïÄ ùïã ùïê ùîπ ùïÜ ùïê,,xFirstOfHisName,stfu,Fri Feb 19 09:27:57 +0000 2021,260,253,22,8018,"@officialnyscng @FRSCNigeria @fmydNG @MobilePunch @FMINONigeria @ajuwayamedia @OyoCorper @nysc_anambra @inecnigeria @USinNigeria @nidcom_gov Una, stream 2 as how",Tue Apr 08 15:33:57 +0000 2025,0,1,en,1150,False,False,0,0,,[],,1150,0,False,False,22,8018,,"@officialnyscng @FRSCNigeria @fmydNG @MobilePunch @FMINONigeria @ajuwayamedia @OyoCorper @nysc_anambra @inecnigeria @USinNigeria @nidcom_gov Una, stream 2 as how"
107,Mayor-of-Afued,,usman__adekunle,,Fri Feb 11 23:00:22 +0000 2022,1442,1336,1186,17811,"@officialnyscng what year is the plan to increase again.

Maybe I can wait again before I turn 30",Wed Mar 26 13:41:39 +0000 2025,0,0,en,53,False,False,0,0,,[],,53,0,False,True,1186,17811,,"@officialnyscng what year is the plan to increase again.

Maybe I can wait again before I turn 30"
108,NYSC Community üá≥üá¨,https://t.co/CS0myHswiP,Corpersvibezfan,Nigeria,Tue Sep 18 08:41:58 +0000 2018,13386,216,219,5493,@officialnyscng @FMINONigeria @channelstv @MobilePunch @TheNationNews @inecnigeria @OyoCorper @nysc_anambra @NafdacAgency @ajuwayamedia @NTANewsNow https://t.co/RaZwggsE6G,Thu Apr 03 12:19:37 +0000 2025,0,0,qme,89,False,False,0,0,,[],False,89,0,False,False,219,5493,"[{'display_url': 'pic.x.com/RaZwggsE6G', 'expanded_url': 'https://x.com/Corpersvibezfan/status/1907769957200306618/photo/1', 'id_str': '1907769917421588480', 'indices': [148, 171], 'media_key': '3_1907769917421588480', 'media_url_https': 'https://pbs.twimg.com/media/GnnCodEXEAAIlRC.jpg', 'type': 'photo', 'url': 'https://t.co/RaZwggsE6G', 'ext_media_availability': {'status': 'Available'}, 'features': {'large': {'faces': [{'x': 932, 'y': 475, 'h': 65, 'w': 65}, {'x': 268, 'y': 245, 'h': 123, 'w': 123}, {'x': 816, 'y': 172, 'h': 136, 'w': 136}, {'x': 655, 'y': 233, 'h': 150, 'w': 150}, {'x': 452, 'y': 209, 'h': 153, 'w': 153}]}, 'medium': {'faces': [{'x': 932, 'y': 475, 'h': 65, 'w': 65}, {'x': 268, 'y': 245, 'h': 123, 'w': 123}, {'x': 816, 'y': 172, 'h': 136, 'w': 136}, {'x': 655, 'y': 233, 'h': 150, 'w': 150}, {'x': 452, 'y': 209, 'h': 153, 'w': 153}]}, 'small': {'faces': [{'x': 618, 'y': 315, 'h': 43, 'w': 43}, {'x': 177, 'y': 162, 'h': 81, 'w': 81}, {'x': 541, 'y': 114, 'h': 90, 'w': 90}, {'x': 434, 'y': 154, 'h': 99, 'w': 99}, {'x': 300, 'y': 138, 'h': 101, 'w': 101}]}, 'orig': {'faces': [{'x': 932, 'y': 475, 'h': 65, 'w': 65}, {'x': 268, 'y': 245, 'h': 123, 'w': 123}, {'x': 816, 'y': 172, 'h': 136, 'w': 136}, {'x': 655, 'y': 233, 'h': 150, 'w': 150}, {'x': 452, 'y': 209, 'h': 153, 'w': 153}]}}, 'sizes': {'large': {'h': 768, 'w': 1024, 'resize': 'fit'}, 'medium': {'h': 768, 'w': 1024, 'resize': 'fit'}, 'small': {'h': 510, 'w': 680, 'resize': 'fit'}, 'thumb': {'h': 150, 'w': 150, 'resize': 'crop'}}, 'original_info': {'height': 768, 'width': 1024, 'focus_rects': [{'x': 0, 'y': 0, 'w': 1024, 'h': 573}, {'x': 0, 'y': 0, 'w': 768, 'h': 768}, {'x': 0, 'y': 0, 'w': 674, 'h': 768}, {'x': 38, 'y': 0, 'w': 384, 'h': 768}, {'x': 0, 'y': 0, 'w': 1024, 'h': 768}]}, 'allow_download_status': {'allow_download': True}, 'media_results': {'result': {'media_key': '3_1907769917421588480'}}}]",@officialnyscng @FMINONigeria @channelstv @MobilePunch @TheNationNews @inecnigeria @OyoCorper @nysc_anambra @NafdacAgency @ajuwayamedia @NTANewsNow https://t.co/RaZwggsE6G
109,Samwalex,https://t.co/DOMneBRSew,Iamsamwalex,"Ado Ekiti, Nigeria",Fri Aug 22 20:15:48 +0000 2014,1071,954,413,3321,@officialnyscng @FMINONigeria @channelstv @MobilePunch @TheNationNews @inecnigeria @OyoCorper @nysc_anambra @NafdacAgency @ajuwayamedia @NTANewsNow I want to register my Cafe when will the registration of Cafe commence again,Thu Apr 03 09:57:08 +0000 2025,0,0,en,1693,False,False,0,1,,[],,1693,0,False,True,413,3321,,@officialnyscng @FMINONigeria @channelstv @MobilePunch @TheNationNews @inecnigeria @OyoCorper @nysc_anambra @NafdacAgency @ajuwayamedia @NTANewsNow I want to register my Cafe when will the registration of Cafe commence again
110,Yobams D Queen of Data üëë,https://t.co/mwebWxuva6,Layor22,"Kwara, Nigeria",Tue Jun 20 16:57:18 +0000 2023,6498,2726,4185,71445,"@officialnyscng I dey greet una ü´∂üèø
Make tomorrow shake ooo",Sat Apr 26 17:28:46 +0000 2025,0,0,en,2,False,False,0,0,,[],,2,0,False,True,4185,71445,,"@officialnyscng I dey greet una ü´∂üèø
Make tomorrow shake ooo"
111,NYSC NDHQ,https://t.co/XlRVtEfbp8,officialnyscng,"Abuja, Nigeria",Tue Jul 03 13:36:02 +0000 2018,277867,200,2060,6859,Augustina Longe from Edo State and Sunrise Otokpa from Benue State were joined together in holy matrimony at a colourful ceremony in Jos.,Sun May 04 06:41:32 +0000 2025,0,8,en,2077,False,False,0,2,,[],,2077,0,False,False,2060,6859,,Augustina Longe from Edo State and Sunrise Otokpa from Benue State were joined together in holy matrimony at a colourful ceremony in Jos.
112,Kes IZODUWA ‚ö°,,Kestim_,"Abuja, Nigeria",Thu Sep 12 07:31:36 +0000 2013,27921,8728,2131,459406,"@officialnyscng, see a Pedophile referenced in the video below.",Fri Apr 18 16:48:37 +0000 2025,0,0,en,18,False,False,0,0,,[],,18,0,False,False,2131,459406,,"@officialnyscng, see a Pedophile referenced in the video below."
113,GodSon,https://t.co/wUgshjX0Mp,OtunbaFolahan,"Owu-Totoro, Abeokuta ",Wed Jul 30 16:28:15 +0000 2014,630,1034,1079,33171,@officialnyscng ghost CORPER‚Äôsüëáüèøüëáüèøüëáüèø,Sun Apr 27 18:51:57 +0000 2025,0,0,en,47,False,False,0,0,,[],,47,0,False,False,1079,33171,,@officialnyscng ghost CORPER‚Äôsüëáüèøüëáüèøüëáüèø
114,Kabiru Saje,https://t.co/AJbq1YIjtd,kabirusaje,Nigeria,Wed Oct 12 19:14:24 +0000 2011,7564,2118,3758,40308,@officialnyscng hope u give them the money,Sun May 04 10:42:40 +0000 2025,0,2,en,912,True,False,0,0,,[],,912,0,False,True,3758,40308,,@officialnyscng hope u give them the money
115,geezer,,___geezer,Geezer's space,Thu Jan 13 14:09:10 +0000 2022,1956,1563,1219,30264,@officialnyscng today is 29th OGA abeggg nauuu,Tue Apr 29 14:49:22 +0000 2025,0,1,en,787,False,False,0,0,,[],,787,0,False,True,1219,30264,,@officialnyscng today is 29th OGA abeggg nauuu
116,NYSC NDHQ,https://t.co/XlRVtEfbp8,officialnyscng,"Abuja, Nigeria",Tue Jul 03 13:36:02 +0000 2018,277865,200,2060,6859,"For date of graduation correction Nigerian trained PCMs are to contact their Student Affairs Officers while their foreign counterparts contact the NYSC. For further enquiry, kindly reach out to us via NYSC helplines or social media handles.",Tue Apr 15 15:23:54 +0000 2025,0,20,en,8585,False,False,0,0,"<Place id=""00e55e2b4c491c5f"" name=""Abuja"">",[],,8585,0,False,False,2060,6859,,"For date of graduation correction Nigerian trained PCMs are to contact their Student Affairs Officers while their foreign counterparts contact the NYSC. For further enquiry, kindly reach out to us via NYSC helplines or social media handles."
117,Kabiru Saje,https://t.co/AJbq1YIjtd,kabirusaje,Nigeria,Wed Oct 12 19:14:24 +0000 2011,7562,2117,3758,40308,@officialnyscng when are you paying the Allwee,Wed Apr 30 13:24:04 +0000 2025,0,0,en,3,True,False,0,0,,[],,3,0,False,True,3758,40308,,@officialnyscng when are you paying the Allwee
118,‚ò®The Joe Goldberg,,notMuyiwa,South of The Wall,Thu Jan 04 16:55:22 +0000 2024,402,1372,765,31480,@officialnyscng Now is the time to pay oo. No carry am go next week o.,Thu Apr 24 03:45:00 +0000 2025,0,0,en,4,False,False,0,0,,[],,4,0,False,False,765,31480,,@officialnyscng Now is the time to pay oo. No carry am go next week o.
119,Jibril Salisu Na'inna,https://t.co/2LmXjFrvYR,Nainna_J,"Abuja, Nigeria",Tue May 07 09:41:50 +0000 2013,336,216,14,4726,@officialnyscng @prnigeria @channelstv @daily_trust @DailyPostNGR @fmydNG @NigEducation @FMINONigeria @NOA_Nigeria And ABU hasn‚Äôt upload entirely its students. @ABU_Campus why,Sat Apr 05 11:24:48 +0000 2025,0,1,en,1395,False,False,0,0,,[],,1395,0,False,True,14,4726,,@officialnyscng @prnigeria @channelstv @daily_trust @DailyPostNGR @fmydNG @NigEducation @FMINONigeria @NOA_Nigeria And ABU hasn‚Äôt upload entirely its students. @ABU_Campus why
120,Japhet‚óªÔ∏è,,Japhetweets,Your 6,Tue Oct 08 08:58:46 +0000 2019,1320,1184,32,8074,@officialnyscng do the needful abegü§≤üòÇüòÇ,Wed Apr 09 08:20:54 +0000 2025,0,0,en,50,False,False,0,0,,[],,50,0,False,True,32,8074,,@officialnyscng do the needful abegü§≤üòÇüòÇ
121,NYSC NDHQ,https://t.co/XlRVtEfbp8,officialnyscng,"Abuja, Nigeria",Tue Jul 03 13:36:02 +0000 2018,277865,200,2060,6859,"Brigadier General Tsiga, a former Director General of NYSC, was kidnapped from his country home in Katsina State by bandits who have been terrorising the Northern parts of Nigeria with rampant kidnappings, killings and other dastardly acts.",Thu Apr 10 15:38:32 +0000 2025,0,18,en,15184,False,False,0,6,,[],,15184,0,False,False,2060,6859,,"Brigadier General Tsiga, a former Director General of NYSC, was kidnapped from his country home in Katsina State by bandits who have been terrorising the Northern parts of Nigeria with rampant kidnappings, killings and other dastardly acts."
122,√Äj√≥k√®√†d√®,https://t.co/ESI9tmtlxY,thicktimah,Outside,Sat Jan 18 20:03:58 +0000 2020,1618,1481,1268,35286,@officialnyscng,Fri Apr 25 08:01:47 +0000 2025,0,0,qam,50,False,False,0,0,,[],,50,0,False,True,1268,35286,,@officialnyscng
123,Ekim,,KAdesunbo,ogun state Nigeria,Thu Feb 11 16:44:47 +0000 2021,2110,2080,86,3665,@officialnyscng @channelstv @MobilePunch @TheNationNews @OyoCorper @ajuwayamedia @nysc_anambra @CorrectionsNg @nidcom_gov @NITDANigeria @UNICEF_Nigeria https://t.co/GON5KoLV08,Fri Mar 28 10:41:41 +0000 2025,0,1,qme,22,False,False,0,0,,[],False,22,0,False,False,86,3665,,@officialnyscng @channelstv @MobilePunch @TheNationNews @OyoCorper @ajuwayamedia @nysc_anambra @CorrectionsNg @nidcom_gov @NITDANigeria @UNICEF_Nigeria https://t.co/GON5KoLV08
124,Darcknight üî¨,,Darcknight55,,Sat Aug 03 08:39:26 +0000 2024,535,1779,192,16123,"@officialnyscng Fine bobo , 
You sabi work jare , Abeg food for camp dem no Dey put chicken you fit do something on that too?",Sat Apr 19 10:12:29 +0000 2025,0,2,en,747,False,False,0,3,,[],,747,0,False,False,192,16123,,"@officialnyscng Fine bobo , 
You sabi work jare , Abeg food for camp dem no Dey put chicken you fit do something on that too?"
125,NYSC NDHQ,https://t.co/XlRVtEfbp8,officialnyscng,"Abuja, Nigeria",Tue Jul 03 13:36:02 +0000 2018,277867,200,2060,6859,"It was a ceremony that blended the tradition of two cultures which once again symbolizes the essence of national unity and integration, which the NYSC was established for.",Sun May 04 06:42:58 +0000 2025,3,25,en,4053,False,False,0,5,"<Place id=""009a7a984a9511a9"" name=""Kademi"">",[],,4053,3,False,False,2060,6859,,"It was a ceremony that blended the tradition of two cultures which once again symbolizes the essence of national unity and integration, which the NYSC was established for."
126,"√íkunl·ªçl√°, M.A.üì∏üì∏üß¨üß™ü•º",,Adeshola54,"Lagos, Nigeria",Sun Jul 17 21:26:15 +0000 2016,655,1173,296,27637,@officialnyscng @ajuwayamedia @MobilePunch @nidcom_gov @TheNationNews @nysc_anambra @OyoCorper @instablog9ja @inecnigeria @ARISEtv @nimc_ng When will you pay arrears,Thu Apr 10 16:27:39 +0000 2025,0,1,en,1372,False,False,0,0,,[],,1372,0,False,True,296,27637,,@officialnyscng @ajuwayamedia @MobilePunch @nidcom_gov @TheNationNews @nysc_anambra @OyoCorper @instablog9ja @inecnigeria @ARISEtv @nimc_ng When will you pay arrears
127,Yobams D Queen of Data üëë,https://t.co/mwebWxuva6,Layor22,"Kwara, Nigeria",Tue Jun 20 16:57:18 +0000 2023,6498,2726,4185,71445,@officialnyscng yane ban ga alert ba fa,Mon Apr 28 12:56:29 +0000 2025,0,0,tr,3,False,False,0,0,,[],,3,0,False,True,4185,71445,,@officialnyscng yane ban ga alert ba fa
128,||F.O.C||üéìUPDATE,,foc_embrace001,,Fri Mar 22 11:14:08 +0000 2024,1660,63,193,1018,"@officialnyscng @instablog9ja @FMINONigeria @channelstv @MobilePunch @nidcom_gov @TheNationNews @OyoCorper @UNICEF_Nigeria @NITDANigeria @nimc_ng @officialnyscng thanks for the update on the dress code.
However we saw a change on the dashboard yesterday which shows ‚ÄúYOU ARE IN STREAM 2‚Äù. Is this confirmed or a glitch.

We await a positive response on this.",Wed Apr 09 07:50:38 +0000 2025,3,19,en,3505,False,False,0,2,,[],,3505,3,False,False,193,1018,,"@officialnyscng @instablog9ja @FMINONigeria @channelstv @MobilePunch @nidcom_gov @TheNationNews @OyoCorper @UNICEF_Nigeria @NITDANigeria @nimc_ng @officialnyscng thanks for the update on the dress code.
However we saw a change on the dashboard yesterday which shows ‚ÄúYOU ARE IN STREAM 2‚Äù. Is this confirmed or a glitch.

We await a positive response on this."
129,NYSC NDHQ,https://t.co/XlRVtEfbp8,officialnyscng,"Abuja, Nigeria",Tue Jul 03 13:36:02 +0000 2018,277867,200,2060,6859,"The event, which was held at Plateau State Capital was a beautiful occasion, graced by family, friends, ex-Corps Members and numerous well wishers from far and near.",Sun May 04 06:42:00 +0000 2025,0,15,en,4084,False,False,0,2,"<Place id=""009a7a984a9511a9"" name=""Kademi"">",[],,4084,0,False,False,2060,6859,,"The event, which was held at Plateau State Capital was a beautiful occasion, graced by family, friends, ex-Corps Members and numerous well wishers from far and near."
130,Aduks,,profAduks,"Lagos, Nigeria",Wed Feb 07 23:56:03 +0000 2018,3611,932,14412,161062,@officialnyscng please take the mic and explain,Thu Apr 10 21:35:12 +0000 2025,0,0,en,104,False,False,0,0,,[],,104,0,False,True,14412,161062,,@officialnyscng please take the mic and explain
131,web3Gold,https://t.co/KkAQe9uwGg,Web3Ghold,,Sat Apr 06 15:19:47 +0000 2024,1121,1251,179,1544,"@officialnyscng @ARISEtv @channelstv @FMINONigeria @MobilePunch @nidcom_gov @TheNationNews @OyoCorper @nysc_anambra @inecnigeria @USinNigeria @officialnyscng 
@nysc360 
@NigEducation 
When April Alawee ?",Sun Apr 27 15:20:54 +0000 2025,0,0,en,460,False,False,0,0,,[],,460,0,False,False,179,1544,,"@officialnyscng @ARISEtv @channelstv @FMINONigeria @MobilePunch @nidcom_gov @TheNationNews @OyoCorper @nysc_anambra @inecnigeria @USinNigeria @officialnyscng 
@nysc360 
@NigEducation 
When April Alawee ?"
